Senator,Suite,Phone,Senator,,Suite,Phone
Vice President,,,"KING, Jr., Angus S.",(I-ME),SH-133,4-5344
"PENCE, Michael R.",,4-2424,"KLOBUCHAR, Amy",(D-MN),SD-425,4-3244
"ALEXANDER, Lamar (R-TN)",SD-455,4-4944,"LANKFORD, James",(R-OK),SH-316,4-5754
"BALDWIN, Tammy (D-WI)",SH-709,4-5653,"LEAHY, Patrick",(D-VT),SR-437,4-4242
"BARRASSO, John (R-WY)",SD-307,4-6441,"LEE, Mike",(R-UT),SR-361A,4-5444
"BENNET, Michael F. (D-CO)",SR-261,4-5852,"MANCHIN III, Joe",(D-WV),SH-306,4-3954
"BLACKBURN, Marsha (R-TN)",SD-357,4-3344,"MARKEY, Edward J.",(D-MA),SD-255,4-2742
"BLUMENTHAL, Richard (D-CT)",SH-706,4-2823,"McCONNELL, Mitch",(R-KY),SR-317,4-2541
"BLUNT, Roy (R-MO)",SR-260,4-5721,"McSALLY, Martha",(R-AZ),SR-404,4-2235
"BOOKER, Cory A. (D-NJ)",SH-717,4-3224,"MENENDEZ, Robert",(D-NJ),SH-528,4-4744
"BOOZMAN, John (R-AR)",SH-141,4-4843,"MERKLEY, Jeff",(D-OR),SH-313,4-3753
"BRAUN, Mike (R-IN)",SR-374,4-4814,"MORAN, Jerry",(R-KS),SD-521,4-6521
"BROWN, Sherrod (D-OH)",SH-503,4-2315,"MURKOWSKI, Lisa",(R-AK),SH-522,4-6665
"BURR, Richard (R-NC)",SR-217,4-3154,,,,
"",,,"MURPHY, Christopher",(D-CT),SH-136,4-4041
"CANTWELL, Maria (D-WA)",SH-511,4-3441,,,,
"",,,"MURRAY, Patty",(D-WA),SR-154,4-2621
"CAPITO, Shelley Moore (R-WV)",SR-172,4-6472,,,,
"",,,"PAUL, Rand",(R-KY),SR-167,4-4343
"CARDIN, Benjamin L. (D-MD)",SH-509,4-4524,,,,
"",,,"PERDUE, David",(R-GA),SR-455,4-3521
"CARPER, Thomas R. (D-DE)",SH-513,4-2441,,,,
"",,,"PETERS, Gary C.",(D-MI),SH-724,4-6221
"CASEY, Jr., Robert P. (D-PA)",SR-393,4-6324,,,,
"",,,"PORTMAN, Rob",(R-OH),SR-448,4-3353
"CASSIDY, Bill (R-LA)",SH-520,4-5824,,,,
"4-4642 COLLINS, Susan M. (R-ME)",SD-413,4-2523,"REED, Jack",(D-RI),SH-728,
"COONS, Christopher A. (D-DE)",SR-218,4-5042,"RISCH, James E.",(R-ID),SR-483,4-2752
"CORNYN, John (R-TX)",SH-517,4-2934,"ROBERTS, Pat",(R-KS),SH-109,4-4774
"CORTEZ MASTO, Catherine (D-NV)",SH-516,4-3542,"ROMNEY, Mitt",(R-UT),SR-124,4-5251
"COTTON, Tom (R-AR)",SR-326,4-2353,"ROSEN, Jacky",(D-NV),SR-144,4-6244
"CRAMER, Kevin (R-ND)",SR-400,4-2043,"ROUNDS, Mike",(R-SD),SH-502,4-5842
"CRAPO, Mike (R-ID)",SD-239,4-6142,"RUBIO, Marco",(R-FL),SR-284,4-3041
"CRUZ, Ted (R-TX)",SR-127A,4-5922,"SANDERS, Bernard",(I-VT),SD-332,4-5141
"DAINES, Steve (R-MT)",SH-320,4-2651,"SASSE, Ben",(R-NE),SR-107,4-4224
"DUCKWORTH, Tammy (D-IL)",SH-524,4-2854,"SCHATZ, Brian",(D-HI),SH-722,4-3934
"DURBIN, Richard J. (D-IL)",SH-711,4-2152,"SCHUMER, Charles E.",(D-NY),SH-322,4-6542
"ENZI, Michael B. (R-WY)",SR-379A,4-3424,"SCOTT, Rick",(R-FL),SH-716,4-5274
"ERNST, Joni (R-IA)",SH-730,4-3254,"SCOTT, Tim",(R-SC),SH-104,4-6121
"FEINSTEIN, Dianne (D-CA)",SH-331,4-3841,"SHAHEEN, Jeanne",(D-NH),SH-506,4-2841
"FISCHER, Deb (R-NE)",SR-454,4-6551,"SHELBY, Richard C.",(R-AL),SR-304,4-5744
"GARDNER, Cory (R-CO)",SR-354,4-5941,"SINEMA, Kyrsten",(D-AZ),SH-317,4-4521
"GILLIBRAND, Kirsten E. (D-NY)",SR-478,4-4451,,,,
"",,,"SMITH, Tina",(D-MN),SH-720,4-5641
"GRAHAM, Lindsey (R-SC)",SR-290,4-5972,,,,
"",,,"STABENOW, Debbie",(D-MI),SH-731,4-4822
"GRASSLEY, Chuck (R-IA)",SH-135,4-3744,,,,
"",,,"SULLIVAN, Dan",(R-AK),SH-302,4-3004
"HARRIS, Kamala D. (D-CA)",SH-112,4-3553,,,,
"",,,"TESTER, Jon",(D-MT),SH-311,4-2644
"HASSAN, Maggie (D-NH)",SH-324,4-3324,,,,
"",,,"THUNE, John",(R-SD),SD-511,4-2321
"HAWLEY, Josh (R-MO)",SR-212,4-6154,,,,
"",,,"TILLIS, Thom",(R-NC),SD-113,4-6342
"HEINRICH, Martin (D-NM)",SH-303,4-5521,,,,
"4-4254 HIRONO, Mazie K. (D-HI)",SH-713,4-6361,"TOOMEY, Patrick J.",(R-PA),SR-248,
"HOEVEN, John (R-ND)",SR-338,4-2551,"UDALL, Tom",(D-NM),SH-531,4-6621
"HYDE-SMITH, Cindy (R-MS)",SH-702,4-5054,"VAN HOLLEN, Chris",(D-MD),SH-110,4-4654
"INHOFE, James M. (R-OK)",SR-205,4-4721,"WARNER, Mark R.",(D-VA),SH-703,4-2023
"ISAKSON, Johnny (R-GA)",SR-131,4-3643,"WARREN, Elizabeth",(D-MA),SH-309,4-4543
"JOHNSON, Ron (R-WI)",SH-328,4-5323,"WHITEHOUSE, Sheldon",(D-RI),SH-530,4-2921
"JONES, Doug (D-AL)",SH-330,4-4124,"WICKER, Roger F.",(R-MS),SD-555,4-6253
"KAINE, Tim (D-VA)",SR-231,4-4024,"WYDEN, Ron",(D-OR),SD-221,4-5244
"KENNEDY, John (R-LA)",SR-416,4-4623,"YOUNG, Todd",(R-IN),SD-185,4-5623
